<?xml version="1.0" encoding="UTF-8"?>
<project-private xmlns="http://www.netbeans.org/ns/project-private/1">
    <editor-bookmarks xmlns="http://www.netbeans.org/ns/editor-bookmarks/2" lastBookmarkId="0"/>
    <open-files xmlns="http://www.netbeans.org/ns/projectui-open-files/2">
        <group>
            <file>file:/C:/Users/57350/Documents/NetBeansProjects/JavaApplication3/test/RegistroTestt.java</file>
            <file>file:/C:/Users/57350/Documents/NetBeansProjects/JavaApplication3/src/aplicacion/Sinap.java</file>
            <file>file:/C:/Users/57350/Documents/NetBeansProjects/JavaApplication3/src/aplicacion/Area.java</file>
            <file>file:/C:/Users/57350/Documents/NetBeansProjects/JavaApplication3/src/presentacion/SinapGUI.java</file>
            <file>file:/C:/Users/57350/Documents/NetBeansProjects/JavaApplication3/src/Test/RegistroTest.java</file>
            <file>file:/C:/Users/57350/Documents/NetBeansProjects/JavaApplication3/src/aplicacion/Registro.java</file>
        </group>
    </open-files>
</project-private>
