<?xml version="1.0" encoding="UTF-8"?>
<project-private xmlns="http://www.netbeans.org/ns/project-private/1">
    <editor-bookmarks xmlns="http://www.netbeans.org/ns/editor-bookmarks/2" lastBookmarkId="0"/>
    <open-files xmlns="http://www.netbeans.org/ns/projectui-open-files/2">
        <group>
            <file>file:/C:/Users/57350/Desktop/CulebritaPoob/src/Presentacion/Instrucciones.java</file>
            <file>file:/C:/Users/57350/Desktop/CulebritaPoob/src/Presentacion/Controles.java</file>
            <file>file:/C:/Users/57350/Desktop/CulebritaPoob/src/Aplicacion/SnakeGUI.java</file>
            <file>file:/C:/Users/57350/Desktop/CulebritaPoob/src/Presentacion/ModoDeJuego.java</file>
            <file>file:/C:/Users/57350/Desktop/CulebritaPoob/src/Presentacion/Menu.java</file>
            <file>file:/C:/Users/57350/Desktop/CulebritaPoob/src/Presentacion/SeleccionDePersonaje.java</file>
        </group>
    </open-files>
</project-private>
