<?xml version="1.0" encoding="UTF-8"?>
<project-private xmlns="http://www.netbeans.org/ns/project-private/1">
    <editor-bookmarks xmlns="http://www.netbeans.org/ns/editor-bookmarks/2" lastBookmarkId="0"/>
    <open-files xmlns="http://www.netbeans.org/ns/projectui-open-files/2">
        <group>
            <file>file:/C:/Users/user/Documents/NetBeansProjects/CulebritaPoob/src/Aplicacion/FrutaArcoiris.java</file>
            <file>file:/C:/Users/user/Documents/NetBeansProjects/CulebritaPoob/src/Presentacion/ModoDeJuego.java</file>
            <file>file:/C:/Users/user/Documents/NetBeansProjects/CulebritaPoob/src/Aplicacion/Fruta.java</file>
            <file>file:/C:/Users/user/Documents/NetBeansProjects/CulebritaPoob/src/Aplicacion/Juego.java</file>
            <file>file:/C:/Users/user/Documents/NetBeansProjects/CulebritaPoob/src/Presentacion/Menu.java</file>
            <file>file:/C:/Users/user/Documents/NetBeansProjects/CulebritaPoob/src/Aplicacion/Snake.java</file>
            <file>file:/C:/Users/user/Documents/NetBeansProjects/CulebritaPoob/src/Presentacion/Instrucciones.java</file>
            <file>file:/C:/Users/user/Documents/NetBeansProjects/CulebritaPoob/src/Aplicacion/Tablero.java</file>
            <file>file:/C:/Users/user/Documents/NetBeansProjects/CulebritaPoob/src/Presentacion/Controles.java</file>
            <file>file:/C:/Users/user/Documents/NetBeansProjects/CulebritaPoob/src/Aplicacion/Cuadrado.java</file>
            <file>file:/C:/Users/user/Documents/NetBeansProjects/CulebritaPoob/src/Aplicacion/Alimento.java</file>
            <file>file:/C:/Users/user/Documents/NetBeansProjects/CulebritaPoob/src/Aplicacion/Veneno.java</file>
            <file>file:/C:/Users/user/Documents/NetBeansProjects/CulebritaPoob/src/Presentacion/SeleccionDePersonaje.java</file>
            <file>file:/C:/Users/user/Documents/NetBeansProjects/CulebritaPoob/src/Aplicacion/Dulce.java</file>
        </group>
    </open-files>
</project-private>
